Taxon,S.0,S.1,S.3,S.7,S.14
Archaea;Euryarchaeota;Methanomicrobia;Methanomicrobiales,0.0031,0.0025,0.0023,0.0031,0.0102
Archaea;Euryarchaeota;Thermoplasmata;E2,0.0001,0.0000,0.0000,0.0002,0.0000
Bacteria;Actinobacteria;Actinobacteria;Actinomycetales,0.0059,0.0033,0.0065,0.0055,0.0091
Bacteria;Actinobacteria;Actinobacteria;Bifidobacteriales,0.0000,0.0000,0.0000,0.0001,0.0006
Bacteria;Actinobacteria;Coriobacteriia;Coriobacteriales,0.0098,0.0093,0.0053,0.0135,0.0079
Bacteria;Bacteroidetes;Bacteroidia;Bacteroidales,0.1372,0.2592,0.1647,0.1925,0.1687
Bacteria;Bacteroidetes;Flavobacteriia;Flavobacteriales,0.0001,0.0001,0.0000,0.0010,0.0013
Bacteria;Bacteroidetes;Saprospirae;Saprospirales,0.0000,0.0000,0.0001,0.0000,0.0000
Bacteria;Bacteroidetes;Sphingobacteriia;Sphingobacteriales,0.0000,0.0000,0.0000,0.0000,0.0003
Bacteria;Deferribacteres;Deferribacteres;Deferribacterales,0.0002,0.0003,0.0004,0.0002,0.0001
Bacteria;Elusimicrobia;Elusimicrobia;Elusimicrobiales,0.0011,0.0013,0.0014,0.0027,0.0029
Bacteria;Elusimicrobia;Endomicrobia;Endomicrobiales,0.1141,0.0729,0.0739,0.0909,0.2114
Bacteria;Fibrobacteres;TG3;Other,0.0000,0.0000,0.0000,0.0000,0.0000
Bacteria;Firmicutes;Bacilli;Other,0.0004,0.0015,0.0002,0.0000,0.0001
Bacteria;Firmicutes;Bacilli;Lactobacillales,0.0056,0.0059,0.0049,0.0056,0.0215
Bacteria;Firmicutes;Bacilli;Turicibacterales,0.0000,0.0000,0.0000,0.0001,0.0002
Bacteria;Firmicutes;Clostridia;Clostridiales,0.1300,0.1713,0.0954,0.1421,0.1023
Bacteria;Firmicutes;Erysipelotrichi;Erysipelotrichales,0.0004,0.0002,0.0000,0.0004,0.0004
Bacteria;Fusobacteria;Fusobacteriia;Fusobacteriales,0.0012,0.0013,0.0021,0.0031,0.0057
Bacteria;Planctomycetes;Other;Other,0.0003,0.0001,0.0006,0.0009,0.0002
Bacteria;Planctomycetes;HA49;PeHg47,0.0000,0.0000,0.0000,0.0000,0.0000
Bacteria;Planctomycetes;Planctomycetia;Pirellulales,0.0015,0.0019,0.0005,0.0023,0.0038
Bacteria;Proteobacteria;Alphaproteobacteria;Other,0.0003,0.0003,0.0005,0.0004,0.0006
Bacteria;Proteobacteria;Alphaproteobacteria;Caulobacterales,0.0000,0.0000,0.0021,0.0001,0.0000
Bacteria;Proteobacteria;Alphaproteobacteria;RF32,0.0009,0.0009,0.0002,0.0005,0.0006
Bacteria;Proteobacteria;Alphaproteobacteria;Rhizobiales,0.0001,0.0007,0.0000,0.0004,0.0000
Bacteria;Proteobacteria;Alphaproteobacteria;Rhodospirillales,0.0009,0.0007,0.0002,0.0007,0.0001
Bacteria;Proteobacteria;Alphaproteobacteria;Rickettsiales,0.0108,0.0100,0.0084,0.0094,0.0105
Bacteria;Proteobacteria;Alphaproteobacteria;Sphingomonadales,0.0000,0.0009,0.0000,0.0001,0.0000
Bacteria;Proteobacteria;Betaproteobacteria;Burkholderiales,0.0009,0.0005,0.0069,0.0009,0.0007
Bacteria;Proteobacteria;Betaproteobacteria;Methylophilales,0.0000,0.0000,0.0000,0.0000,0.0000
Bacteria;Proteobacteria;Betaproteobacteria;Neisseriales,0.0001,0.0001,0.0007,0.0004,0.0004
Bacteria;Proteobacteria;Betaproteobacteria;Procabacteriales,0.0000,0.0000,0.0000,0.0000,0.0000
Bacteria;Proteobacteria;Betaproteobacteria;Rhodocyclales,0.0107,0.0118,0.0137,0.0099,0.0041
Bacteria;Proteobacteria;Deltaproteobacteria;Desulfarculales,0.0007,0.0005,0.0001,0.0009,0.0005
Bacteria;Proteobacteria;Deltaproteobacteria;Desulfovibrionales,0.0154,0.0166,0.0276,0.0216,0.0240
Bacteria;Proteobacteria;Gammaproteobacteria;Aeromonadales,0.0001,0.0235,0.0000,0.0000,0.0000
Bacteria;Proteobacteria;Gammaproteobacteria;Alteromonadales,0.0001,0.0001,0.0015,0.0003,0.0002
Bacteria;Proteobacteria;Gammaproteobacteria;Enterobacteriales,0.0005,0.0013,0.0006,0.0011,0.0013
Bacteria;Proteobacteria;Gammaproteobacteria;Oceanospirillales,0.0007,0.0003,0.0037,0.0006,0.0005
Bacteria;Proteobacteria;Gammaproteobacteria;Pseudomonadales,0.0000,0.0001,0.0003,0.0001,0.0004
Bacteria;Proteobacteria;Gammaproteobacteria;Xanthomonadales,0.0000,0.0000,0.0005,0.0000,0.0000
Bacteria;Proteobacteria;TA18;CV90,0.0003,0.0002,0.0000,0.0001,0.0000
Bacteria;SR1;Other;Other,0.0020,0.0021,0.0015,0.0021,0.0024
Bacteria;Spirochaetes;Leptospirae;Leptospirales,0.0015,0.0020,0.0023,0.0024,0.0030
Bacteria;Spirochaetes;Spirochaetes;Spirochaetales,0.4992,0.3578,0.5311,0.4433,0.3667
Bacteria;Synergistetes;Synergistia;Synergistales,0.0100,0.0153,0.0125,0.0179,0.0106
Bacteria;Tenericutes;Mollicutes;Mycoplasmatales,0.0066,0.0046,0.0026,0.0027,0.0097
Bacteria;Verrucomicrobia;Methylacidiphilae;Methylacidiphilales,0.0017,0.0013,0.0009,0.0009,0.0001
Bacteria;Verrucomicrobia;Opitutae;Other,0.0000,0.0001,0.0001,0.0000,0.0000
Bacteria;Verrucomicrobia;Opitutae;HA64,0.0012,0.0010,0.0011,0.0008,0.0017
Bacteria;Verrucomicrobia;Opitutae;Opitutales,0.0004,0.0001,0.0001,0.0001,0.0001
Bacteria;Verrucomicrobia;Spartobacteria;Chthoniobacterales,0.0025,0.0011,0.0015,0.0007,0.0001
Bacteria;Verrucomicrobia;Verrucomicrobiae;Verrucomicrobiales,0.0000,0.0000,0.0000,0.0012,0.0004
Bacteria;ZB3;Rs-J96;Other,0.0011,0.0009,0.0013,0.0005,0.0003
Unassigned;Other;Other;Other,0.0203,0.0141,0.0197,0.0156,0.0142
Birch,0.0000,0.0000,0.0000,0.0000,0.0000
Cardboard,0.0000,0.0000,0.0000,0.0000,0.0000
Maple,0.0000,0.0000,0.0000,0.0000,0.0000
Oak,0.0000,0.0000,0.0000,0.0000,0.0000
Original Mulch,0.0000,0.0000,0.0000,0.0000,0.0000
Spruce,0.1000,0.1000,0.1000,0.1000,0.1000
